<xml xmlns:o="urn:schemas-microsoft-com:office:office">
 <o:MainFile HRef="../h.htm"/>
 <o:File HRef="image001.png"/>
 <o:File HRef="image002.jpg"/>
 <o:File HRef="image003.png"/>
 <o:File HRef="image004.jpg"/>
 <o:File HRef="image005.png"/>
 <o:File HRef="image006.jpg"/>
 <o:File HRef="image007.png"/>
 <o:File HRef="image008.jpg"/>
 <o:File HRef="image009.png"/>
 <o:File HRef="image010.jpg"/>
 <o:File HRef="image011.png"/>
 <o:File HRef="image012.jpg"/>
 <o:File HRef="image013.png"/>
 <o:File HRef="image014.jpg"/>
 <o:File HRef="image015.png"/>
 <o:File HRef="image016.jpg"/>
 <o:File HRef="image017.png"/>
 <o:File HRef="image018.jpg"/>
 <o:File HRef="image019.png"/>
 <o:File HRef="image020.jpg"/>
 <o:File HRef="image021.png"/>
 <o:File HRef="image022.jpg"/>
 <o:File HRef="image023.png"/>
 <o:File HRef="image024.jpg"/>
 <o:File HRef="image025.png"/>
 <o:File HRef="image026.jpg"/>
 <o:File HRef="image027.png"/>
 <o:File HRef="image028.jpg"/>
 <o:File HRef="image029.png"/>
 <o:File HRef="image030.jpg"/>
 <o:File HRef="image031.png"/>
 <o:File HRef="image032.jpg"/>
 <o:File HRef="image033.png"/>
 <o:File HRef="image034.jpg"/>
 <o:File HRef="image035.png"/>
 <o:File HRef="image036.jpg"/>
 <o:File HRef="image037.png"/>
 <o:File HRef="image038.jpg"/>
 <o:File HRef="image039.png"/>
 <o:File HRef="image040.jpg"/>
 <o:File HRef="image041.png"/>
 <o:File HRef="image042.jpg"/>
 <o:File HRef="image043.png"/>
 <o:File HRef="image044.jpg"/>
 <o:File HRef="image045.png"/>
 <o:File HRef="image046.jpg"/>
 <o:File HRef="image047.png"/>
 <o:File HRef="image048.jpg"/>
 <o:File HRef="image049.png"/>
 <o:File HRef="image050.jpg"/>
 <o:File HRef="image051.png"/>
 <o:File HRef="image052.jpg"/>
 <o:File HRef="image053.png"/>
 <o:File HRef="image054.jpg"/>
 <o:File HRef="image055.png"/>
 <o:File HRef="image056.jpg"/>
 <o:File HRef="image057.png"/>
 <o:File HRef="image058.jpg"/>
 <o:File HRef="image059.png"/>
 <o:File HRef="image060.jpg"/>
 <o:File HRef="image061.png"/>
 <o:File HRef="image062.jpg"/>
 <o:File HRef="image063.png"/>
 <o:File HRef="image064.jpg"/>
 <o:File HRef="image065.png"/>
 <o:File HRef="image066.jpg"/>
 <o:File HRef="image067.png"/>
 <o:File HRef="image068.jpg"/>
 <o:File HRef="image069.png"/>
 <o:File HRef="image070.jpg"/>
 <o:File HRef="image071.png"/>
 <o:File HRef="image072.jpg"/>
 <o:File HRef="image073.png"/>
 <o:File HRef="image074.jpg"/>
 <o:File HRef="image075.png"/>
 <o:File HRef="image076.jpg"/>
 <o:File HRef="image077.png"/>
 <o:File HRef="image078.jpg"/>
 <o:File HRef="image079.png"/>
 <o:File HRef="image080.jpg"/>
 <o:File HRef="image081.png"/>
 <o:File HRef="image082.jpg"/>
 <o:File HRef="image083.png"/>
 <o:File HRef="image084.jpg"/>
 <o:File HRef="image085.png"/>
 <o:File HRef="image086.jpg"/>
 <o:File HRef="image087.png"/>
 <o:File HRef="image088.jpg"/>
 <o:File HRef="image089.png"/>
 <o:File HRef="image090.jpg"/>
 <o:File HRef="image091.png"/>
 <o:File HRef="image092.jpg"/>
 <o:File HRef="image093.png"/>
 <o:File HRef="image094.jpg"/>
 <o:File HRef="image095.png"/>
 <o:File HRef="image096.jpg"/>
 <o:File HRef="image097.png"/>
 <o:File HRef="image098.jpg"/>
 <o:File HRef="image099.png"/>
 <o:File HRef="image100.jpg"/>
 <o:File HRef="image101.png"/>
 <o:File HRef="image102.jpg"/>
 <o:File HRef="image103.png"/>
 <o:File HRef="image104.jpg"/>
 <o:File HRef="image105.png"/>
 <o:File HRef="image106.jpg"/>
 <o:File HRef="image107.png"/>
 <o:File HRef="image108.jpg"/>
 <o:File HRef="image109.png"/>
 <o:File HRef="image110.jpg"/>
 <o:File HRef="image111.png"/>
 <o:File HRef="image112.jpg"/>
 <o:File HRef="image113.png"/>
 <o:File HRef="image114.jpg"/>
 <o:File HRef="image115.png"/>
 <o:File HRef="image116.jpg"/>
 <o:File HRef="image117.png"/>
 <o:File HRef="image118.jpg"/>
 <o:File HRef="image119.png"/>
 <o:File HRef="image120.jpg"/>
 <o:File HRef="image121.png"/>
 <o:File HRef="image122.jpg"/>
 <o:File HRef="image123.png"/>
 <o:File HRef="image124.jpg"/>
 <o:File HRef="image125.png"/>
 <o:File HRef="image126.jpg"/>
 <o:File HRef="image127.png"/>
 <o:File HRef="image128.jpg"/>
 <o:File HRef="image129.png"/>
 <o:File HRef="image130.jpg"/>
 <o:File HRef="image131.png"/>
 <o:File HRef="image132.jpg"/>
 <o:File HRef="image133.png"/>
 <o:File HRef="image134.jpg"/>
 <o:File HRef="image135.png"/>
 <o:File HRef="image136.jpg"/>
 <o:File HRef="image137.png"/>
 <o:File HRef="image138.jpg"/>
 <o:File HRef="image139.png"/>
 <o:File HRef="image140.jpg"/>
 <o:File HRef="image141.png"/>
 <o:File HRef="image142.jpg"/>
 <o:File HRef="image143.png"/>
 <o:File HRef="image144.jpg"/>
 <o:File HRef="image145.png"/>
 <o:File HRef="image146.jpg"/>
 <o:File HRef="image147.png"/>
 <o:File HRef="image148.jpg"/>
 <o:File HRef="image149.png"/>
 <o:File HRef="image150.jpg"/>
 <o:File HRef="image151.png"/>
 <o:File HRef="image152.jpg"/>
 <o:File HRef="image153.png"/>
 <o:File HRef="image154.jpg"/>
 <o:File HRef="image155.png"/>
 <o:File HRef="image156.jpg"/>
 <o:File HRef="image157.png"/>
 <o:File HRef="image158.jpg"/>
 <o:File HRef="image159.png"/>
 <o:File HRef="image160.jpg"/>
 <o:File HRef="image161.jpg"/>
 <o:File HRef="image162.png"/>
 <o:File HRef="image163.jpg"/>
 <o:File HRef="image164.png"/>
 <o:File HRef="image165.jpg"/>
 <o:File HRef="image166.png"/>
 <o:File HRef="image167.jpg"/>
 <o:File HRef="image168.png"/>
 <o:File HRef="image169.jpg"/>
 <o:File HRef="image170.png"/>
 <o:File HRef="image171.jpg"/>
 <o:File HRef="image172.png"/>
 <o:File HRef="image173.jpg"/>
 <o:File HRef="image174.png"/>
 <o:File HRef="image175.png"/>
 <o:File HRef="image176.jpg"/>
 <o:File HRef="image177.png"/>
 <o:File HRef="image178.jpg"/>
 <o:File HRef="image179.png"/>
 <o:File HRef="image180.jpg"/>
 <o:File HRef="image181.png"/>
 <o:File HRef="image182.jpg"/>
 <o:File HRef="image183.png"/>
 <o:File HRef="image184.jpg"/>
 <o:File HRef="image185.png"/>
 <o:File HRef="image186.jpg"/>
 <o:File HRef="image187.png"/>
 <o:File HRef="image188.jpg"/>
 <o:File HRef="image189.png"/>
 <o:File HRef="image190.jpg"/>
 <o:File HRef="image191.png"/>
 <o:File HRef="image192.jpg"/>
 <o:File HRef="image193.png"/>
 <o:File HRef="image194.jpg"/>
 <o:File HRef="image195.png"/>
 <o:File HRef="image196.jpg"/>
 <o:File HRef="image197.png"/>
 <o:File HRef="image198.jpg"/>
 <o:File HRef="image199.png"/>
 <o:File HRef="image200.jpg"/>
 <o:File HRef="image201.png"/>
 <o:File HRef="image202.jpg"/>
 <o:File HRef="image203.jpg"/>
 <o:File HRef="image204.png"/>
 <o:File HRef="image205.jpg"/>
 <o:File HRef="image206.png"/>
 <o:File HRef="image207.jpg"/>
 <o:File HRef="image208.png"/>
 <o:File HRef="image209.jpg"/>
 <o:File HRef="image210.png"/>
 <o:File HRef="image211.jpg"/>
 <o:File HRef="image212.png"/>
 <o:File HRef="image213.png"/>
 <o:File HRef="image214.jpg"/>
 <o:File HRef="image215.png"/>
 <o:File HRef="image216.jpg"/>
 <o:File HRef="image217.png"/>
 <o:File HRef="image218.jpg"/>
 <o:File HRef="image219.jpg"/>
 <o:File HRef="image220.png"/>
 <o:File HRef="image221.jpg"/>
 <o:File HRef="image222.jpg"/>
 <o:File HRef="image223.png"/>
 <o:File HRef="image224.jpg"/>
 <o:File HRef="image225.png"/>
 <o:File HRef="image226.jpg"/>
 <o:File HRef="image227.png"/>
 <o:File HRef="image228.jpg"/>
 <o:File HRef="image229.png"/>
 <o:File HRef="image230.jpg"/>
 <o:File HRef="image231.png"/>
 <o:File HRef="image232.jpg"/>
 <o:File HRef="image233.png"/>
 <o:File HRef="image234.jpg"/>
 <o:File HRef="image235.png"/>
 <o:File HRef="image236.png"/>
 <o:File HRef="image237.jpg"/>
 <o:File HRef="filelist.xml"/>
</xml>